<PAMDataset>
  <PAMRasterBand band="1">
    <Description>Band_1</Description>
    <Histograms>
      <HistItem>
        <HistMin>-0.5</HistMin>
        <HistMax>254.5</HistMax>
        <BucketCount>255</BucketCount>
        <IncludeOutOfRange>1</IncludeOutOfRange>
        <Approximate>0</Approximate>
        <HistCounts>131|4|7|8|7|12|6|7|8|12|11|7|9|16|13|16|16|15|16|21|24|26|28|29|37|42|33|43|43|44|56|53|60|53|63|71|72|88|93|88|80|125|110|112|119|147|142|152|162|145|209|161|196|212|253|206|287|249|261|280|298|300|326|336|364|404|407|372|445|492|485|552|541|510|587|603|581|618|698|687|737|739|782|810|868|898|913|1001|1033|1045|1079|1120|1095|1212|1254|1298|1300|1373|1377|1441|1510|1590|1602|1659|1681|1776|1804|1832|1935|1976|2189|2099|2246|2300|2356|2303|2322|2542|2529|2506|2662|2709|2806|2812|2754|2882|3123|3034|3186|3172|3307|3378|3489|3566|3694|3743|3825|4012|4035|3929|4199|4305|4395|4446|4570|4805|4889|4973|5209|5239|5494|5776|5815|5940|6002|6131|6523|6664|6669|6983|7268|7261|7583|7945|8197|8440|8832|9502|9854|10411|10674|11884|12465|13760|15538|16000|17836|22384|32274|87385|567919|124287|70777|36605|26636|23021|18367|16393|15474|14359|13057|12304|11346|10763|10351|9548|9351|8873|8658|8335|7794|7942|7743|7319|7248|7015|6756|6702|6604|6288|6220|5743|5752|5386|5323|5063|4829|4655|4743|4539|4353|4173|3982|3956|3875|3598|3575|3471|3124|3212|3033|2907|2673|2504|2521|2407|2178|2146|2009|1848|1765|1570|1473|1387|1202|1141|958|823|714|642|507|427|314|204|116</HistCounts>
      </HistItem>
      <HistItem>
        <HistMin>-0.4980392156862745</HistMin>
        <HistMax>254.4980392156863</HistMax>
        <BucketCount>255</BucketCount>
        <IncludeOutOfRange>0</IncludeOutOfRange>
        <Approximate>1</Approximate>
        <HistCounts>0|0|0|0|0|0|0|0|0|0|0|0|0|0|0|0|0|0|0|0|0|0|0|0|0|0|0|0|0|0|0|0|0|0|0|0|0|0|0|0|0|0|0|0|0|0|0|0|0|0|0|0|0|0|0|0|0|0|0|0|0|0|0|0|0|0|0|0|0|0|0|0|0|0|0|0|0|0|0|0|0|0|0|0|0|0|0|0|0|0|0|0|0|0|0|0|0|0|0|3|0|0|0|0|1|0|0|0|0|0|1|0|1|0|1|0|0|0|0|0|0|1|0|0|2|1|3|1|0|2|3|0|2|2|3|1|1|1|3|1|4|3|4|5|2|2|7|9|4|3|6|2|12|6|5|4|4|10|9|6|15|7|10|12|10|10|11|12|20|10|22|20|22|12|16|22|25|36|43|65|543|194|128|70|42|28|32|21|17|16|13|11|12|8|8|8|8|6|5|5|9|5|2|3|3|0|2|0|3|0|3|1|0|1|0|0|3|0|0|1|1|1|0|1|0|0|0|0|0|0|0|0|0|0|0|0|0|0|0|0|0|0|0|0|0|0|0|0|0|0|0|0|0|0|0</HistCounts>
      </HistItem>
      <HistItem>
        <HistMin>60.50290697674419</HistMin>
        <HistMax>232.4970930232558</HistMax>
        <BucketCount>172</BucketCount>
        <IncludeOutOfRange>0</IncludeOutOfRange>
        <Approximate>1</Approximate>
        <HistCounts>0|0|0|0|0|0|0|0|0|0|0|0|0|0|0|0|0|0|0|0|0|0|0|0|0|0|0|0|0|0|0|0|0|0|0|0|0|0|3|0|0|0|0|1|0|0|0|0|0|1|0|1|0|1|0|0|0|0|0|0|1|0|0|2|1|3|1|0|2|3|0|2|2|3|1|1|1|3|1|4|3|4|5|2|2|7|9|4|3|6|2|12|6|5|4|4|10|9|6|15|7|10|12|10|10|11|12|20|10|22|20|22|12|16|22|25|36|43|65|543|194|128|70|42|28|32|21|17|16|13|11|12|8|8|8|8|6|5|5|9|5|2|3|3|0|2|0|3|0|3|1|0|1|0|0|3|0|0|1|1|1|0|1|0|0|0|0|0|0|0|0|0</HistCounts>
      </HistItem>
    </Histograms>
    <GDALRasterAttributeTable>
      <FieldDefn index="0">
        <Name>BinValues</Name>
        <Type>1</Type>
        <Usage>5</Usage>
      </FieldDefn>
      <FieldDefn index="1">
        <Name>Histogram</Name>
        <Type>1</Type>
        <Usage>1</Usage>
      </FieldDefn>
      <FieldDefn index="2">
        <Name>Value</Name>
        <Type>0</Type>
        <Usage>0</Usage>
      </FieldDefn>
      <Row index="0">
        <F>0</F>
        <F>131</F>
        <F>0</F>
      </Row>
      <Row index="1">
        <F>1</F>
        <F>4</F>
        <F>1</F>
      </Row>
      <Row index="2">
        <F>2</F>
        <F>7</F>
        <F>2</F>
      </Row>
      <Row index="3">
        <F>3</F>
        <F>8</F>
        <F>3</F>
      </Row>
      <Row index="4">
        <F>4</F>
        <F>7</F>
        <F>4</F>
      </Row>
      <Row index="5">
        <F>5</F>
        <F>12</F>
        <F>5</F>
      </Row>
      <Row index="6">
        <F>6</F>
        <F>6</F>
        <F>6</F>
      </Row>
      <Row index="7">
        <F>7</F>
        <F>7</F>
        <F>7</F>
      </Row>
      <Row index="8">
        <F>8</F>
        <F>8</F>
        <F>8</F>
      </Row>
      <Row index="9">
        <F>9</F>
        <F>12</F>
        <F>9</F>
      </Row>
      <Row index="10">
        <F>10</F>
        <F>11</F>
        <F>10</F>
      </Row>
      <Row index="11">
        <F>11</F>
        <F>7</F>
        <F>11</F>
      </Row>
      <Row index="12">
        <F>12</F>
        <F>9</F>
        <F>12</F>
      </Row>
      <Row index="13">
        <F>13</F>
        <F>16</F>
        <F>13</F>
      </Row>
      <Row index="14">
        <F>14</F>
        <F>13</F>
        <F>14</F>
      </Row>
      <Row index="15">
        <F>15</F>
        <F>16</F>
        <F>15</F>
      </Row>
      <Row index="16">
        <F>16</F>
        <F>16</F>
        <F>16</F>
      </Row>
      <Row index="17">
        <F>17</F>
        <F>15</F>
        <F>17</F>
      </Row>
      <Row index="18">
        <F>18</F>
        <F>16</F>
        <F>18</F>
      </Row>
      <Row index="19">
        <F>19</F>
        <F>21</F>
        <F>19</F>
      </Row>
      <Row index="20">
        <F>20</F>
        <F>24</F>
        <F>20</F>
      </Row>
      <Row index="21">
        <F>21</F>
        <F>26</F>
        <F>21</F>
      </Row>
      <Row index="22">
        <F>22</F>
        <F>28</F>
        <F>22</F>
      </Row>
      <Row index="23">
        <F>23</F>
        <F>29</F>
        <F>23</F>
      </Row>
      <Row index="24">
        <F>24</F>
        <F>37</F>
        <F>24</F>
      </Row>
      <Row index="25">
        <F>25</F>
        <F>42</F>
        <F>25</F>
      </Row>
      <Row index="26">
        <F>26</F>
        <F>33</F>
        <F>26</F>
      </Row>
      <Row index="27">
        <F>27</F>
        <F>43</F>
        <F>27</F>
      </Row>
      <Row index="28">
        <F>28</F>
        <F>43</F>
        <F>28</F>
      </Row>
      <Row index="29">
        <F>29</F>
        <F>44</F>
        <F>29</F>
      </Row>
      <Row index="30">
        <F>30</F>
        <F>56</F>
        <F>30</F>
      </Row>
      <Row index="31">
        <F>31</F>
        <F>53</F>
        <F>31</F>
      </Row>
      <Row index="32">
        <F>32</F>
        <F>60</F>
        <F>32</F>
      </Row>
      <Row index="33">
        <F>33</F>
        <F>53</F>
        <F>33</F>
      </Row>
      <Row index="34">
        <F>34</F>
        <F>63</F>
        <F>34</F>
      </Row>
      <Row index="35">
        <F>35</F>
        <F>71</F>
        <F>35</F>
      </Row>
      <Row index="36">
        <F>36</F>
        <F>72</F>
        <F>36</F>
      </Row>
      <Row index="37">
        <F>37</F>
        <F>88</F>
        <F>37</F>
      </Row>
      <Row index="38">
        <F>38</F>
        <F>93</F>
        <F>38</F>
      </Row>
      <Row index="39">
        <F>39</F>
        <F>88</F>
        <F>39</F>
      </Row>
      <Row index="40">
        <F>40</F>
        <F>80</F>
        <F>40</F>
      </Row>
      <Row index="41">
        <F>41</F>
        <F>125</F>
        <F>41</F>
      </Row>
      <Row index="42">
        <F>42</F>
        <F>110</F>
        <F>42</F>
      </Row>
      <Row index="43">
        <F>43</F>
        <F>112</F>
        <F>43</F>
      </Row>
      <Row index="44">
        <F>44</F>
        <F>119</F>
        <F>44</F>
      </Row>
      <Row index="45">
        <F>45</F>
        <F>147</F>
        <F>45</F>
      </Row>
      <Row index="46">
        <F>46</F>
        <F>142</F>
        <F>46</F>
      </Row>
      <Row index="47">
        <F>47</F>
        <F>152</F>
        <F>47</F>
      </Row>
      <Row index="48">
        <F>48</F>
        <F>162</F>
        <F>48</F>
      </Row>
      <Row index="49">
        <F>49</F>
        <F>145</F>
        <F>49</F>
      </Row>
      <Row index="50">
        <F>50</F>
        <F>209</F>
        <F>50</F>
      </Row>
      <Row index="51">
        <F>51</F>
        <F>161</F>
        <F>51</F>
      </Row>
      <Row index="52">
        <F>52</F>
        <F>196</F>
        <F>52</F>
      </Row>
      <Row index="53">
        <F>53</F>
        <F>212</F>
        <F>53</F>
      </Row>
      <Row index="54">
        <F>54</F>
        <F>253</F>
        <F>54</F>
      </Row>
      <Row index="55">
        <F>55</F>
        <F>206</F>
        <F>55</F>
      </Row>
      <Row index="56">
        <F>56</F>
        <F>287</F>
        <F>56</F>
      </Row>
      <Row index="57">
        <F>57</F>
        <F>249</F>
        <F>57</F>
      </Row>
      <Row index="58">
        <F>58</F>
        <F>261</F>
        <F>58</F>
      </Row>
      <Row index="59">
        <F>59</F>
        <F>280</F>
        <F>59</F>
      </Row>
      <Row index="60">
        <F>60</F>
        <F>298</F>
        <F>60</F>
      </Row>
      <Row index="61">
        <F>61</F>
        <F>300</F>
        <F>61</F>
      </Row>
      <Row index="62">
        <F>62</F>
        <F>326</F>
        <F>62</F>
      </Row>
      <Row index="63">
        <F>63</F>
        <F>336</F>
        <F>63</F>
      </Row>
      <Row index="64">
        <F>64</F>
        <F>364</F>
        <F>64</F>
      </Row>
      <Row index="65">
        <F>65</F>
        <F>404</F>
        <F>65</F>
      </Row>
      <Row index="66">
        <F>66</F>
        <F>407</F>
        <F>66</F>
      </Row>
      <Row index="67">
        <F>67</F>
        <F>372</F>
        <F>67</F>
      </Row>
      <Row index="68">
        <F>68</F>
        <F>445</F>
        <F>68</F>
      </Row>
      <Row index="69">
        <F>69</F>
        <F>492</F>
        <F>69</F>
      </Row>
      <Row index="70">
        <F>70</F>
        <F>485</F>
        <F>70</F>
      </Row>
      <Row index="71">
        <F>71</F>
        <F>552</F>
        <F>71</F>
      </Row>
      <Row index="72">
        <F>72</F>
        <F>541</F>
        <F>72</F>
      </Row>
      <Row index="73">
        <F>73</F>
        <F>510</F>
        <F>73</F>
      </Row>
      <Row index="74">
        <F>74</F>
        <F>587</F>
        <F>74</F>
      </Row>
      <Row index="75">
        <F>75</F>
        <F>603</F>
        <F>75</F>
      </Row>
      <Row index="76">
        <F>76</F>
        <F>581</F>
        <F>76</F>
      </Row>
      <Row index="77">
        <F>77</F>
        <F>618</F>
        <F>77</F>
      </Row>
      <Row index="78">
        <F>78</F>
        <F>698</F>
        <F>78</F>
      </Row>
      <Row index="79">
        <F>79</F>
        <F>687</F>
        <F>79</F>
      </Row>
      <Row index="80">
        <F>80</F>
        <F>737</F>
        <F>80</F>
      </Row>
      <Row index="81">
        <F>81</F>
        <F>739</F>
        <F>81</F>
      </Row>
      <Row index="82">
        <F>82</F>
        <F>782</F>
        <F>82</F>
      </Row>
      <Row index="83">
        <F>83</F>
        <F>810</F>
        <F>83</F>
      </Row>
      <Row index="84">
        <F>84</F>
        <F>868</F>
        <F>84</F>
      </Row>
      <Row index="85">
        <F>85</F>
        <F>898</F>
        <F>85</F>
      </Row>
      <Row index="86">
        <F>86</F>
        <F>913</F>
        <F>86</F>
      </Row>
      <Row index="87">
        <F>87</F>
        <F>1001</F>
        <F>87</F>
      </Row>
      <Row index="88">
        <F>88</F>
        <F>1033</F>
        <F>88</F>
      </Row>
      <Row index="89">
        <F>89</F>
        <F>1045</F>
        <F>89</F>
      </Row>
      <Row index="90">
        <F>90</F>
        <F>1079</F>
        <F>90</F>
      </Row>
      <Row index="91">
        <F>91</F>
        <F>1120</F>
        <F>91</F>
      </Row>
      <Row index="92">
        <F>92</F>
        <F>1095</F>
        <F>92</F>
      </Row>
      <Row index="93">
        <F>93</F>
        <F>1212</F>
        <F>93</F>
      </Row>
      <Row index="94">
        <F>94</F>
        <F>1254</F>
        <F>94</F>
      </Row>
      <Row index="95">
        <F>95</F>
        <F>1298</F>
        <F>95</F>
      </Row>
      <Row index="96">
        <F>96</F>
        <F>1300</F>
        <F>96</F>
      </Row>
      <Row index="97">
        <F>97</F>
        <F>1373</F>
        <F>97</F>
      </Row>
      <Row index="98">
        <F>98</F>
        <F>1377</F>
        <F>98</F>
      </Row>
      <Row index="99">
        <F>99</F>
        <F>1441</F>
        <F>99</F>
      </Row>
      <Row index="100">
        <F>100</F>
        <F>1510</F>
        <F>100</F>
      </Row>
      <Row index="101">
        <F>101</F>
        <F>1590</F>
        <F>101</F>
      </Row>
      <Row index="102">
        <F>102</F>
        <F>1602</F>
        <F>102</F>
      </Row>
      <Row index="103">
        <F>103</F>
        <F>1659</F>
        <F>103</F>
      </Row>
      <Row index="104">
        <F>104</F>
        <F>1681</F>
        <F>104</F>
      </Row>
      <Row index="105">
        <F>105</F>
        <F>1776</F>
        <F>105</F>
      </Row>
      <Row index="106">
        <F>106</F>
        <F>1804</F>
        <F>106</F>
      </Row>
      <Row index="107">
        <F>107</F>
        <F>1832</F>
        <F>107</F>
      </Row>
      <Row index="108">
        <F>108</F>
        <F>1935</F>
        <F>108</F>
      </Row>
      <Row index="109">
        <F>109</F>
        <F>1976</F>
        <F>109</F>
      </Row>
      <Row index="110">
        <F>110</F>
        <F>2189</F>
        <F>110</F>
      </Row>
      <Row index="111">
        <F>111</F>
        <F>2099</F>
        <F>111</F>
      </Row>
      <Row index="112">
        <F>112</F>
        <F>2246</F>
        <F>112</F>
      </Row>
      <Row index="113">
        <F>113</F>
        <F>2300</F>
        <F>113</F>
      </Row>
      <Row index="114">
        <F>114</F>
        <F>2356</F>
        <F>114</F>
      </Row>
      <Row index="115">
        <F>115</F>
        <F>2303</F>
        <F>115</F>
      </Row>
      <Row index="116">
        <F>116</F>
        <F>2322</F>
        <F>116</F>
      </Row>
      <Row index="117">
        <F>117</F>
        <F>2542</F>
        <F>117</F>
      </Row>
      <Row index="118">
        <F>118</F>
        <F>2529</F>
        <F>118</F>
      </Row>
      <Row index="119">
        <F>119</F>
        <F>2506</F>
        <F>119</F>
      </Row>
      <Row index="120">
        <F>120</F>
        <F>2662</F>
        <F>120</F>
      </Row>
      <Row index="121">
        <F>121</F>
        <F>2709</F>
        <F>121</F>
      </Row>
      <Row index="122">
        <F>122</F>
        <F>2806</F>
        <F>122</F>
      </Row>
      <Row index="123">
        <F>123</F>
        <F>2812</F>
        <F>123</F>
      </Row>
      <Row index="124">
        <F>124</F>
        <F>2754</F>
        <F>124</F>
      </Row>
      <Row index="125">
        <F>125</F>
        <F>2882</F>
        <F>125</F>
      </Row>
      <Row index="126">
        <F>126</F>
        <F>3123</F>
        <F>126</F>
      </Row>
      <Row index="127">
        <F>127</F>
        <F>3034</F>
        <F>127</F>
      </Row>
      <Row index="128">
        <F>128</F>
        <F>3186</F>
        <F>128</F>
      </Row>
      <Row index="129">
        <F>129</F>
        <F>3172</F>
        <F>129</F>
      </Row>
      <Row index="130">
        <F>130</F>
        <F>3307</F>
        <F>130</F>
      </Row>
      <Row index="131">
        <F>131</F>
        <F>3378</F>
        <F>131</F>
      </Row>
      <Row index="132">
        <F>132</F>
        <F>3489</F>
        <F>132</F>
      </Row>
      <Row index="133">
        <F>133</F>
        <F>3566</F>
        <F>133</F>
      </Row>
      <Row index="134">
        <F>134</F>
        <F>3694</F>
        <F>134</F>
      </Row>
      <Row index="135">
        <F>135</F>
        <F>3743</F>
        <F>135</F>
      </Row>
      <Row index="136">
        <F>136</F>
        <F>3825</F>
        <F>136</F>
      </Row>
      <Row index="137">
        <F>137</F>
        <F>4012</F>
        <F>137</F>
      </Row>
      <Row index="138">
        <F>138</F>
        <F>4035</F>
        <F>138</F>
      </Row>
      <Row index="139">
        <F>139</F>
        <F>3929</F>
        <F>139</F>
      </Row>
      <Row index="140">
        <F>140</F>
        <F>4199</F>
        <F>140</F>
      </Row>
      <Row index="141">
        <F>141</F>
        <F>4305</F>
        <F>141</F>
      </Row>
      <Row index="142">
        <F>142</F>
        <F>4395</F>
        <F>142</F>
      </Row>
      <Row index="143">
        <F>143</F>
        <F>4446</F>
        <F>143</F>
      </Row>
      <Row index="144">
        <F>144</F>
        <F>4570</F>
        <F>144</F>
      </Row>
      <Row index="145">
        <F>145</F>
        <F>4805</F>
        <F>145</F>
      </Row>
      <Row index="146">
        <F>146</F>
        <F>4889</F>
        <F>146</F>
      </Row>
      <Row index="147">
        <F>147</F>
        <F>4973</F>
        <F>147</F>
      </Row>
      <Row index="148">
        <F>148</F>
        <F>5209</F>
        <F>148</F>
      </Row>
      <Row index="149">
        <F>149</F>
        <F>5239</F>
        <F>149</F>
      </Row>
      <Row index="150">
        <F>150</F>
        <F>5494</F>
        <F>150</F>
      </Row>
      <Row index="151">
        <F>151</F>
        <F>5776</F>
        <F>151</F>
      </Row>
      <Row index="152">
        <F>152</F>
        <F>5815</F>
        <F>152</F>
      </Row>
      <Row index="153">
        <F>153</F>
        <F>5940</F>
        <F>153</F>
      </Row>
      <Row index="154">
        <F>154</F>
        <F>6002</F>
        <F>154</F>
      </Row>
      <Row index="155">
        <F>155</F>
        <F>6131</F>
        <F>155</F>
      </Row>
      <Row index="156">
        <F>156</F>
        <F>6523</F>
        <F>156</F>
      </Row>
      <Row index="157">
        <F>157</F>
        <F>6664</F>
        <F>157</F>
      </Row>
      <Row index="158">
        <F>158</F>
        <F>6669</F>
        <F>158</F>
      </Row>
      <Row index="159">
        <F>159</F>
        <F>6983</F>
        <F>159</F>
      </Row>
      <Row index="160">
        <F>160</F>
        <F>7268</F>
        <F>160</F>
      </Row>
      <Row index="161">
        <F>161</F>
        <F>7261</F>
        <F>161</F>
      </Row>
      <Row index="162">
        <F>162</F>
        <F>7583</F>
        <F>162</F>
      </Row>
      <Row index="163">
        <F>163</F>
        <F>7945</F>
        <F>163</F>
      </Row>
      <Row index="164">
        <F>164</F>
        <F>8197</F>
        <F>164</F>
      </Row>
      <Row index="165">
        <F>165</F>
        <F>8440</F>
        <F>165</F>
      </Row>
      <Row index="166">
        <F>166</F>
        <F>8832</F>
        <F>166</F>
      </Row>
      <Row index="167">
        <F>167</F>
        <F>9502</F>
        <F>167</F>
      </Row>
      <Row index="168">
        <F>168</F>
        <F>9854</F>
        <F>168</F>
      </Row>
      <Row index="169">
        <F>169</F>
        <F>10411</F>
        <F>169</F>
      </Row>
      <Row index="170">
        <F>170</F>
        <F>10674</F>
        <F>170</F>
      </Row>
      <Row index="171">
        <F>171</F>
        <F>11884</F>
        <F>171</F>
      </Row>
      <Row index="172">
        <F>172</F>
        <F>12465</F>
        <F>172</F>
      </Row>
      <Row index="173">
        <F>173</F>
        <F>13760</F>
        <F>173</F>
      </Row>
      <Row index="174">
        <F>174</F>
        <F>15538</F>
        <F>174</F>
      </Row>
      <Row index="175">
        <F>175</F>
        <F>16000</F>
        <F>175</F>
      </Row>
      <Row index="176">
        <F>176</F>
        <F>17836</F>
        <F>176</F>
      </Row>
      <Row index="177">
        <F>177</F>
        <F>22384</F>
        <F>177</F>
      </Row>
      <Row index="178">
        <F>178</F>
        <F>32274</F>
        <F>178</F>
      </Row>
      <Row index="179">
        <F>179</F>
        <F>87385</F>
        <F>179</F>
      </Row>
      <Row index="180">
        <F>180</F>
        <F>567919</F>
        <F>180</F>
      </Row>
      <Row index="181">
        <F>181</F>
        <F>124287</F>
        <F>181</F>
      </Row>
      <Row index="182">
        <F>182</F>
        <F>70777</F>
        <F>182</F>
      </Row>
      <Row index="183">
        <F>183</F>
        <F>36605</F>
        <F>183</F>
      </Row>
      <Row index="184">
        <F>184</F>
        <F>26636</F>
        <F>184</F>
      </Row>
      <Row index="185">
        <F>185</F>
        <F>23021</F>
        <F>185</F>
      </Row>
      <Row index="186">
        <F>186</F>
        <F>18367</F>
        <F>186</F>
      </Row>
      <Row index="187">
        <F>187</F>
        <F>16393</F>
        <F>187</F>
      </Row>
      <Row index="188">
        <F>188</F>
        <F>15474</F>
        <F>188</F>
      </Row>
      <Row index="189">
        <F>189</F>
        <F>14359</F>
        <F>189</F>
      </Row>
      <Row index="190">
        <F>190</F>
        <F>13057</F>
        <F>190</F>
      </Row>
      <Row index="191">
        <F>191</F>
        <F>12304</F>
        <F>191</F>
      </Row>
      <Row index="192">
        <F>192</F>
        <F>11346</F>
        <F>192</F>
      </Row>
      <Row index="193">
        <F>193</F>
        <F>10763</F>
        <F>193</F>
      </Row>
      <Row index="194">
        <F>194</F>
        <F>10351</F>
        <F>194</F>
      </Row>
      <Row index="195">
        <F>195</F>
        <F>9548</F>
        <F>195</F>
      </Row>
      <Row index="196">
        <F>196</F>
        <F>9351</F>
        <F>196</F>
      </Row>
      <Row index="197">
        <F>197</F>
        <F>8873</F>
        <F>197</F>
      </Row>
      <Row index="198">
        <F>198</F>
        <F>8658</F>
        <F>198</F>
      </Row>
      <Row index="199">
        <F>199</F>
        <F>8335</F>
        <F>199</F>
      </Row>
      <Row index="200">
        <F>200</F>
        <F>7794</F>
        <F>200</F>
      </Row>
      <Row index="201">
        <F>201</F>
        <F>7942</F>
        <F>201</F>
      </Row>
      <Row index="202">
        <F>202</F>
        <F>7743</F>
        <F>202</F>
      </Row>
      <Row index="203">
        <F>203</F>
        <F>7319</F>
        <F>203</F>
      </Row>
      <Row index="204">
        <F>204</F>
        <F>7248</F>
        <F>204</F>
      </Row>
      <Row index="205">
        <F>205</F>
        <F>7015</F>
        <F>205</F>
      </Row>
      <Row index="206">
        <F>206</F>
        <F>6756</F>
        <F>206</F>
      </Row>
      <Row index="207">
        <F>207</F>
        <F>6702</F>
        <F>207</F>
      </Row>
      <Row index="208">
        <F>208</F>
        <F>6604</F>
        <F>208</F>
      </Row>
      <Row index="209">
        <F>209</F>
        <F>6288</F>
        <F>209</F>
      </Row>
      <Row index="210">
        <F>210</F>
        <F>6220</F>
        <F>210</F>
      </Row>
      <Row index="211">
        <F>211</F>
        <F>5743</F>
        <F>211</F>
      </Row>
      <Row index="212">
        <F>212</F>
        <F>5752</F>
        <F>212</F>
      </Row>
      <Row index="213">
        <F>213</F>
        <F>5386</F>
        <F>213</F>
      </Row>
      <Row index="214">
        <F>214</F>
        <F>5323</F>
        <F>214</F>
      </Row>
      <Row index="215">
        <F>215</F>
        <F>5063</F>
        <F>215</F>
      </Row>
      <Row index="216">
        <F>216</F>
        <F>4829</F>
        <F>216</F>
      </Row>
      <Row index="217">
        <F>217</F>
        <F>4655</F>
        <F>217</F>
      </Row>
      <Row index="218">
        <F>218</F>
        <F>4743</F>
        <F>218</F>
      </Row>
      <Row index="219">
        <F>219</F>
        <F>4539</F>
        <F>219</F>
      </Row>
      <Row index="220">
        <F>220</F>
        <F>4353</F>
        <F>220</F>
      </Row>
      <Row index="221">
        <F>221</F>
        <F>4173</F>
        <F>221</F>
      </Row>
      <Row index="222">
        <F>222</F>
        <F>3982</F>
        <F>222</F>
      </Row>
      <Row index="223">
        <F>223</F>
        <F>3956</F>
        <F>223</F>
      </Row>
      <Row index="224">
        <F>224</F>
        <F>3875</F>
        <F>224</F>
      </Row>
      <Row index="225">
        <F>225</F>
        <F>3598</F>
        <F>225</F>
      </Row>
      <Row index="226">
        <F>226</F>
        <F>3575</F>
        <F>226</F>
      </Row>
      <Row index="227">
        <F>227</F>
        <F>3471</F>
        <F>227</F>
      </Row>
      <Row index="228">
        <F>228</F>
        <F>3124</F>
        <F>228</F>
      </Row>
      <Row index="229">
        <F>229</F>
        <F>3212</F>
        <F>229</F>
      </Row>
      <Row index="230">
        <F>230</F>
        <F>3033</F>
        <F>230</F>
      </Row>
      <Row index="231">
        <F>231</F>
        <F>2907</F>
        <F>231</F>
      </Row>
      <Row index="232">
        <F>232</F>
        <F>2673</F>
        <F>232</F>
      </Row>
      <Row index="233">
        <F>233</F>
        <F>2504</F>
        <F>233</F>
      </Row>
      <Row index="234">
        <F>234</F>
        <F>2521</F>
        <F>234</F>
      </Row>
      <Row index="235">
        <F>235</F>
        <F>2407</F>
        <F>235</F>
      </Row>
      <Row index="236">
        <F>236</F>
        <F>2178</F>
        <F>236</F>
      </Row>
      <Row index="237">
        <F>237</F>
        <F>2146</F>
        <F>237</F>
      </Row>
      <Row index="238">
        <F>238</F>
        <F>2009</F>
        <F>238</F>
      </Row>
      <Row index="239">
        <F>239</F>
        <F>1848</F>
        <F>239</F>
      </Row>
      <Row index="240">
        <F>240</F>
        <F>1765</F>
        <F>240</F>
      </Row>
      <Row index="241">
        <F>241</F>
        <F>1570</F>
        <F>241</F>
      </Row>
      <Row index="242">
        <F>242</F>
        <F>1473</F>
        <F>242</F>
      </Row>
      <Row index="243">
        <F>243</F>
        <F>1387</F>
        <F>243</F>
      </Row>
      <Row index="244">
        <F>244</F>
        <F>1202</F>
        <F>244</F>
      </Row>
      <Row index="245">
        <F>245</F>
        <F>1141</F>
        <F>245</F>
      </Row>
      <Row index="246">
        <F>246</F>
        <F>958</F>
        <F>246</F>
      </Row>
      <Row index="247">
        <F>247</F>
        <F>823</F>
        <F>247</F>
      </Row>
      <Row index="248">
        <F>248</F>
        <F>714</F>
        <F>248</F>
      </Row>
      <Row index="249">
        <F>249</F>
        <F>642</F>
        <F>249</F>
      </Row>
      <Row index="250">
        <F>250</F>
        <F>507</F>
        <F>250</F>
      </Row>
      <Row index="251">
        <F>251</F>
        <F>427</F>
        <F>251</F>
      </Row>
      <Row index="252">
        <F>252</F>
        <F>314</F>
        <F>252</F>
      </Row>
      <Row index="253">
        <F>253</F>
        <F>204</F>
        <F>253</F>
      </Row>
      <Row index="254">
        <F>254</F>
        <F>116</F>
        <F>254</F>
      </Row>
    </GDALRasterAttributeTable>
  </PAMRasterBand>
</PAMDataset>
