<?xml version="1.0"?>
<!--<!DOCTYPE metadata SYSTEM "http://www.esri.com/metadata/esriprof80.dtd">-->
<metadata xml:lang="en"><Esri><CreaDate>20080410</CreaDate><CreaTime>15553300</CreaTime><SyncOnce>FALSE</SyncOnce><SyncDate>20091026</SyncDate><SyncTime>09433200</SyncTime><ModDate>20091026</ModDate><ModTime>09433200</ModTime><MetaID>{7A4D5C53-E313-4563-9936-86069D468686}</MetaID><DataProperties><lineage><Process Name="Project_3" ToolSource="C:\Program Files\ArcGIS\ArcToolbox\Toolboxes\Data Management Tools.tbx\Project" Date="20080410" Time="155533">Project "C:\Documents and Settings\Maggi Kelly\Desktop\HealthAndGIS\Class1\BerkeleyFVMarkets.shp" "C:\Documents and Settings\Maggi Kelly\Desktop\HealthAndGIS\Class1\BerkeleyFVMarkets_Project.shp" PROJCS['NAD_1983_UTM_Zone_10N',GEOGCS['GCS_North_American_1983',DATUM['D_North_American_1983',SPHEROID['GRS_1980',6378137.0,298.257222101]],PRIMEM['Greenwich',0.0],UNIT['Degree',0.0174532925199433]],PROJECTION['Transverse_Mercator'],PARAMETER['False_Easting',500000.0],PARAMETER['False_Northing',0.0],PARAMETER['Central_Meridian',-123.0],PARAMETER['Scale_Factor',0.9996],PARAMETER['Latitude_Of_Origin',0.0],UNIT['Meter',1.0]] NAD_1983_To_WGS_1984_1 GEOGCS['GCS_WGS_1984',DATUM['D_WGS_1984',SPHEROID['WGS_1984',6378137.0,298.257223563]],PRIMEM['Greenwich',0.0],UNIT['Degree',0.0174532925199433]]</Process><Process ToolSource="C:\Program Files\ArcGIS\ArcToolbox\Toolboxes\Data Management Tools.tbx\Merge" Date="20091026" Time="094333">Merge BerkeleyFVMarkets;FarmersMarkets C:\WorkSpace\Intro_QGIS\Fruit_Vegetable_and_FarmersMarkets.shp "Company_Na 'Company_Na' true true false 254 Text 0 0 ,First,#,BerkeleyFVMarkets,Company_Na,-1,-1;Retail_Cat 'Retail_Cat' true true false 254 Text 0 0 ,First,#,BerkeleyFVMarkets,Retail_Cat,-1,-1;Retail_Typ 'Retail_Typ' true true false 254 Text 0 0 ,First,#,BerkeleyFVMarkets,Retail_Typ,-1,-1;Address 'Address' true true false 254 Text 0 0 ,First,#,BerkeleyFVMarkets,Address,-1,-1;City 'City' true true false 254 Text 0 0 ,First,#,BerkeleyFVMarkets,City,-1,-1,FarmersMarkets,city,-1,-1;Zip_Code 'Zip_Code' true true false 254 Text 0 0 ,First,#,BerkeleyFVMarkets,Zip_Code,-1,-1,FarmersMarkets,Zip_Code,-1,-1;State 'State' true true false 254 Text 0 0 ,First,#,BerkeleyFVMarkets,State,-1,-1,FarmersMarkets,State,-1,-1;Contact_Na 'Contact_Na' true true false 254 Text 0 0 ,First,#,BerkeleyFVMarkets,Contact_Na,-1,-1;Phone 'Phone' true true false 254 Text 0 0 ,First,#,BerkeleyFVMarkets,Phone,-1,-1;SIC_Descri 'SIC_Descri' true true false 254 Text 0 0 ,First,#,BerkeleyFVMarkets,SIC_Descri,-1,-1;Dun_and_Br 'Dun_and_Br' true true false 254 Text 0 0 ,First,#,BerkeleyFVMarkets,Dun_and_Br,-1,-1;Sales_Volu 'Sales_Volu' true true false 254 Text 0 0 ,First,#,BerkeleyFVMarkets,Sales_Volu,-1,-1;No__Employ 'No__Employ' true true false 254 Text 0 0 ,First,#,BerkeleyFVMarkets,No__Employ,-1,-1;County 'County' true true false 254 Text 0 0 ,First,#,BerkeleyFVMarkets,County,-1,-1,FarmersMarkets,County,-1,-1;2000_U_S_ '2000_U_S_' true true false 19 Double 6 18 ,First,#,BerkeleyFVMarkets,2000_U_S_,-1,-1,FarmersMarkets,2000_U_S_,-1,-1;Regional_N 'Regional_N' true true false 254 Text 0 0 ,First,#,BerkeleyFVMarkets,Regional_N,-1,-1,FarmersMarkets,Regional_N,-1,-1;USDA_Eligi 'USDA_Eligi' true true false 4 Short 0 4 ,First,#,BerkeleyFVMarkets,USDA_Eligi,-1,-1,FarmersMarkets,USDA_Eligi,-1,-1;USDA_Eli_1 'USDA_Eli_1' true true false 4 Short 0 4 ,First,#,BerkeleyFVMarkets,USDA_Eli_1,-1,-1;USDA_Eli_2 'USDA_Eli_2' true true false 4 Short 0 4 ,First,#,BerkeleyFVMarkets,USDA_Eli_2,-1,-1;USDA_Eli_3 'USDA_Eli_3' true true false 4 Short 0 4 ,First,#,BerkeleyFVMarkets,USDA_Eli_3,-1,-1;USDA_Eli_4 'USDA_Eli_4' true true false 4 Short 0 4 ,First,#,BerkeleyFVMarkets,USDA_Eli_4,-1,-1;USDA_Eli_5 'USDA_Eli_5' true true false 4 Short 0 4 ,First,#,BerkeleyFVMarkets,USDA_Eli_5,-1,-1;USDA_Eli_6 'USDA_Eli_6' true true false 4 Short 0 4 ,First,#,BerkeleyFVMarkets,USDA_Eli_6,-1,-1;Match_Type 'Match_Type' true true false 254 Text 0 0 ,First,#,BerkeleyFVMarkets,Match_Type,-1,-1,FarmersMarkets,Match_Type,-1,-1;bg_lat 'bg_lat' true true false 19 Double 6 18 ,First,#,BerkeleyFVMarkets,bg_lat,-1,-1,FarmersMarkets,bg_lat,-1,-1;bg_long 'bg_long' true true false 19 Double 6 18 ,First,#,BerkeleyFVMarkets,bg_long,-1,-1,FarmersMarkets,bg_long,-1,-1;Name 'Name' true true false 254 Text 0 0 ,First,#,FarmersMarkets,Name,-1,-1;Days_of_Op 'Days_of_Op' true true false 254 Text 0 0 ,First,#,FarmersMarkets,Days_of_Op,-1,-1;Times 'Times' true true false 254 Text 0 0 ,First,#,FarmersMarkets,Times,-1,-1;Contact_Ph 'Contact_Ph' true true false 254 Text 0 0 ,First,#,FarmersMarkets,Contact_Ph,-1,-1;Local_Asso 'Local_Asso' true true false 254 Text 0 0 ,First,#,FarmersMarkets,Local_Asso,-1,-1;Local_As_1 'Local_As_1' true true false 254 Text 0 0 ,First,#,FarmersMarkets,Local_As_1,-1,-1;URL 'URL' true true false 254 Text 0 0 ,First,#,FarmersMarkets,URL,-1,-1;Fax 'Fax' true true false 254 Text 0 0 ,First,#,FarmersMarkets,Fax,-1,-1;Mgr_Email 'Mgr_Email' true true false 254 Text 0 0 ,First,#,FarmersMarkets,Mgr_Email,-1,-1;Market_Loc 'Market_Loc' true true false 254 Text 0 0 ,First,#,FarmersMarkets,Market_Loc,-1,-1;Accepts_EB 'Accepts_EB' true true false 4 Short 0 4 ,First,#,FarmersMarkets,Accepts_EB,-1,-1"</Process></lineage></DataProperties></Esri><idinfo><native Sync="TRUE">Microsoft Windows XP Version 5.1 (Build 2600) Service Pack 3; ESRI ArcCatalog 9.3.1.3000</native><descript><langdata Sync="TRUE">en</langdata><abstract>REQUIRED: A brief narrative summary of the data set.</abstract><purpose>REQUIRED: A summary of the intentions with which the data set was developed.</purpose></descript><citation><citeinfo><origin>REQUIRED: The name of an organization or individual that developed the data set.</origin><pubdate>REQUIRED: The date when the data set is published or otherwise made available for release.</pubdate><title Sync="TRUE">Fruit_Vegetable_and_FarmersMarkets</title><ftname Sync="TRUE">Fruit_Vegetable_and_FarmersMarkets</ftname><geoform Sync="TRUE">vector digital data</geoform><onlink Sync="TRUE">\\KEVIN\C$\WorkSpace\Intro_QGIS\Fruit_Vegetable_and_FarmersMarkets.shp</onlink></citeinfo></citation><timeperd><current>REQUIRED: The basis on which the time period of content information is determined.</current><timeinfo><sngdate><caldate>REQUIRED: The year (and optionally month, or month and day) for which the data set corresponds to the ground.</caldate></sngdate></timeinfo></timeperd><status><progress>REQUIRED: The state of the data set.</progress><update>REQUIRED: The frequency with which changes and additions are made to the data set after the initial data set is completed.</update></status><spdom><bounding><westbc Sync="TRUE">REQUIRED: Western-most coordinate of the limit of coverage expressed in longitude.</westbc><eastbc Sync="TRUE">REQUIRED: Eastern-most coordinate of the limit of coverage expressed in longitude.</eastbc><northbc Sync="TRUE">REQUIRED: Northern-most coordinate of the limit of coverage expressed in latitude.</northbc><southbc Sync="TRUE">REQUIRED: Southern-most coordinate of the limit of coverage expressed in latitude.</southbc></bounding><lboundng><leftbc Sync="TRUE">-122.321338</leftbc><rightbc Sync="TRUE">-122.226136</rightbc><bottombc Sync="TRUE">37.843665</bottombc><topbc Sync="TRUE">37.905334</topbc></lboundng></spdom><keywords><theme><themekt>REQUIRED: Reference to a formally registered thesaurus or a similar authoritative source of theme keywords.</themekt><themekey>REQUIRED: Common-use word or phrase used to describe the subject of the data set.</themekey></theme></keywords><accconst>REQUIRED: Restrictions and legal prerequisites for accessing the data set.</accconst><useconst>REQUIRED: Restrictions and legal prerequisites for using the data set after access is granted.</useconst><natvform Sync="TRUE">Shapefile</natvform></idinfo><dataIdInfo><envirDesc Sync="TRUE">Microsoft Windows XP Version 5.1 (Build 2600) Service Pack 3; ESRI ArcCatalog 9.3.1.3000</envirDesc><dataLang><languageCode Sync="TRUE" value="en"></languageCode></dataLang><idCitation><resTitle Sync="TRUE">Fruit_Vegetable_and_FarmersMarkets</resTitle><presForm><PresFormCd Sync="TRUE" value="005"></PresFormCd></presForm></idCitation><spatRpType><SpatRepTypCd Sync="TRUE" value="001"></SpatRepTypCd></spatRpType><dataExt><geoEle><GeoBndBox esriExtentType="native"><westBL Sync="TRUE">-122.321338</westBL><eastBL Sync="TRUE">-122.226136</eastBL><northBL Sync="TRUE">37.905334</northBL><southBL Sync="TRUE">37.843665</southBL><exTypeCode Sync="TRUE">1</exTypeCode></GeoBndBox></geoEle></dataExt></dataIdInfo><metainfo><langmeta Sync="TRUE">en</langmeta><metstdn Sync="TRUE">FGDC Content Standards for Digital Geospatial Metadata</metstdn><metstdv Sync="TRUE">FGDC-STD-001-1998</metstdv><mettc Sync="TRUE">local time</mettc><metc><cntinfo><cntorgp><cntper>REQUIRED: The person responsible for the metadata information.</cntper><cntorg>REQUIRED: The organization responsible for the metadata information.</cntorg></cntorgp><cntaddr><addrtype>REQUIRED: The mailing and/or physical address for the organization or individual.</addrtype><city>REQUIRED: The city of the address.</city><state>REQUIRED: The state or province of the address.</state><postal>REQUIRED: The ZIP or other postal code of the address.</postal></cntaddr><cntvoice>REQUIRED: The telephone number by which individuals can speak to the organization or individual.</cntvoice></cntinfo></metc><metd Sync="TRUE">20091026</metd><metextns><onlink Sync="TRUE">http://www.esri.com/metadata/esriprof80.html</onlink><metprof Sync="TRUE">ESRI Metadata Profile</metprof></metextns></metainfo><mdLang><languageCode Sync="TRUE" value="en"></languageCode></mdLang><mdStanName Sync="TRUE">ISO 19115 Geographic Information - Metadata</mdStanName><mdStanVer Sync="TRUE">DIS_ESRI1.0</mdStanVer><mdChar><CharSetCd Sync="TRUE" value="004"></CharSetCd></mdChar><mdHrLv><ScopeCd Sync="TRUE" value="005"></ScopeCd></mdHrLv><mdHrLvName Sync="TRUE">dataset</mdHrLvName><distinfo><resdesc Sync="TRUE">Downloadable Data</resdesc><stdorder><digform><digtinfo><transize Sync="TRUE">0.000</transize><dssize Sync="TRUE">0.000</dssize></digtinfo></digform></stdorder></distinfo><distInfo><distributor><distorTran><onLineSrc><orDesc Sync="TRUE">002</orDesc><linkage Sync="TRUE">file://\\KEVIN\C$\WorkSpace\Intro_QGIS\Fruit_Vegetable_and_FarmersMarkets.shp</linkage><protocol Sync="TRUE">Local Area Network</protocol></onLineSrc><transSize Sync="TRUE">0.000</transSize></distorTran><distorFormat><formatName Sync="TRUE">Shapefile</formatName></distorFormat></distributor></distInfo><spdoinfo><direct Sync="TRUE">Vector</direct><ptvctinf><esriterm Name="Fruit_Vegetable_and_FarmersMarkets"><efeatyp Sync="TRUE">Simple</efeatyp><efeageom Sync="TRUE">Point</efeageom><esritopo Sync="TRUE">FALSE</esritopo><efeacnt Sync="TRUE">0</efeacnt><spindex Sync="TRUE">FALSE</spindex><linrefer Sync="TRUE">FALSE</linrefer></esriterm><sdtsterm Name="Fruit_Vegetable_and_FarmersMarkets"><sdtstype Sync="TRUE">Entity point</sdtstype><ptvctcnt Sync="TRUE">0</ptvctcnt></sdtsterm></ptvctinf></spdoinfo><spatRepInfo><VectSpatRep><topLvl><TopoLevCd Sync="TRUE" value="001"></TopoLevCd></topLvl><geometObjs Name="Fruit_Vegetable_and_FarmersMarkets"><geoObjTyp><GeoObjTypCd Sync="TRUE" value="004"></GeoObjTypCd></geoObjTyp><geoObjCnt Sync="TRUE">0</geoObjCnt></geometObjs></VectSpatRep></spatRepInfo><eainfo><detailed Name="Fruit_Vegetable_and_FarmersMarkets"><enttyp><enttypl Sync="TRUE">Fruit_Vegetable_and_FarmersMarkets</enttypl><enttypt Sync="TRUE">Feature Class</enttypt><enttypc Sync="TRUE">0</enttypc></enttyp><attr><attrlabl Sync="TRUE">FID</attrlabl><attalias Sync="TRUE">FID</attalias><attrtype Sync="TRUE">OID</attrtype><attwidth Sync="TRUE">4</attwidth><atprecis Sync="TRUE">0</atprecis><attscale Sync="TRUE">0</attscale><attrdef Sync="TRUE">Internal feature number.</attrdef><attrdefs Sync="TRUE">ESRI</attrdefs><attrdomv><udom Sync="TRUE">Sequential unique whole numbers that are automatically generated.</udom></attrdomv></attr><attr><attrlabl Sync="TRUE">Shape</attrlabl><attalias Sync="TRUE">Shape</attalias><attrtype Sync="TRUE">Geometry</attrtype><attwidth Sync="TRUE">0</attwidth><atprecis Sync="TRUE">0</atprecis><attscale Sync="TRUE">0</attscale><attrdef Sync="TRUE">Feature geometry.</attrdef><attrdefs Sync="TRUE">ESRI</attrdefs><attrdomv><udom Sync="TRUE">Coordinates defining the features.</udom></attrdomv></attr><attr><attrlabl Sync="TRUE">Company_Na</attrlabl><attalias Sync="TRUE">Company_Na</attalias><attrtype Sync="TRUE">String</attrtype><attwidth Sync="TRUE">254</attwidth></attr><attr><attrlabl Sync="TRUE">Retail_Cat</attrlabl><attalias Sync="TRUE">Retail_Cat</attalias><attrtype Sync="TRUE">String</attrtype><attwidth Sync="TRUE">254</attwidth></attr><attr><attrlabl Sync="TRUE">Retail_Typ</attrlabl><attalias Sync="TRUE">Retail_Typ</attalias><attrtype Sync="TRUE">String</attrtype><attwidth Sync="TRUE">254</attwidth></attr><attr><attrlabl Sync="TRUE">Address</attrlabl><attalias Sync="TRUE">Address</attalias><attrtype Sync="TRUE">String</attrtype><attwidth Sync="TRUE">254</attwidth></attr><attr><attrlabl Sync="TRUE">City</attrlabl><attalias Sync="TRUE">City</attalias><attrtype Sync="TRUE">String</attrtype><attwidth Sync="TRUE">254</attwidth></attr><attr><attrlabl Sync="TRUE">Zip_Code</attrlabl><attalias Sync="TRUE">Zip_Code</attalias><attrtype Sync="TRUE">String</attrtype><attwidth Sync="TRUE">254</attwidth></attr><attr><attrlabl Sync="TRUE">State</attrlabl><attalias Sync="TRUE">State</attalias><attrtype Sync="TRUE">String</attrtype><attwidth Sync="TRUE">254</attwidth></attr><attr><attrlabl Sync="TRUE">Contact_Na</attrlabl><attalias Sync="TRUE">Contact_Na</attalias><attrtype Sync="TRUE">String</attrtype><attwidth Sync="TRUE">254</attwidth></attr><attr><attrlabl Sync="TRUE">Phone</attrlabl><attalias Sync="TRUE">Phone</attalias><attrtype Sync="TRUE">String</attrtype><attwidth Sync="TRUE">254</attwidth></attr><attr><attrlabl Sync="TRUE">SIC_Descri</attrlabl><attalias Sync="TRUE">SIC_Descri</attalias><attrtype Sync="TRUE">String</attrtype><attwidth Sync="TRUE">254</attwidth></attr><attr><attrlabl Sync="TRUE">Dun_and_Br</attrlabl><attalias Sync="TRUE">Dun_and_Br</attalias><attrtype Sync="TRUE">String</attrtype><attwidth Sync="TRUE">254</attwidth></attr><attr><attrlabl Sync="TRUE">Sales_Volu</attrlabl><attalias Sync="TRUE">Sales_Volu</attalias><attrtype Sync="TRUE">String</attrtype><attwidth Sync="TRUE">254</attwidth></attr><attr><attrlabl Sync="TRUE">No__Employ</attrlabl><attalias Sync="TRUE">No__Employ</attalias><attrtype Sync="TRUE">String</attrtype><attwidth Sync="TRUE">254</attwidth></attr><attr><attrlabl Sync="TRUE">County</attrlabl><attalias Sync="TRUE">County</attalias><attrtype Sync="TRUE">String</attrtype><attwidth Sync="TRUE">254</attwidth></attr><attr><attrlabl Sync="TRUE">2000_U_S_</attrlabl><attalias Sync="TRUE">2000_U_S_</attalias><attrtype Sync="TRUE">Number</attrtype><attwidth Sync="TRUE">19</attwidth><atnumdec Sync="TRUE">6</atnumdec></attr><attr><attrlabl Sync="TRUE">Regional_N</attrlabl><attalias Sync="TRUE">Regional_N</attalias><attrtype Sync="TRUE">String</attrtype><attwidth Sync="TRUE">254</attwidth></attr><attr><attrlabl Sync="TRUE">USDA_Eligi</attrlabl><attalias Sync="TRUE">USDA_Eligi</attalias><attrtype Sync="TRUE">Number</attrtype><attwidth Sync="TRUE">4</attwidth></attr><attr><attrlabl Sync="TRUE">USDA_Eli_1</attrlabl><attalias Sync="TRUE">USDA_Eli_1</attalias><attrtype Sync="TRUE">Number</attrtype><attwidth Sync="TRUE">4</attwidth></attr><attr><attrlabl Sync="TRUE">USDA_Eli_2</attrlabl><attalias Sync="TRUE">USDA_Eli_2</attalias><attrtype Sync="TRUE">Number</attrtype><attwidth Sync="TRUE">4</attwidth></attr><attr><attrlabl Sync="TRUE">USDA_Eli_3</attrlabl><attalias Sync="TRUE">USDA_Eli_3</attalias><attrtype Sync="TRUE">Number</attrtype><attwidth Sync="TRUE">4</attwidth></attr><attr><attrlabl Sync="TRUE">USDA_Eli_4</attrlabl><attalias Sync="TRUE">USDA_Eli_4</attalias><attrtype Sync="TRUE">Number</attrtype><attwidth Sync="TRUE">4</attwidth></attr><attr><attrlabl Sync="TRUE">USDA_Eli_5</attrlabl><attalias Sync="TRUE">USDA_Eli_5</attalias><attrtype Sync="TRUE">Number</attrtype><attwidth Sync="TRUE">4</attwidth></attr><attr><attrlabl Sync="TRUE">USDA_Eli_6</attrlabl><attalias Sync="TRUE">USDA_Eli_6</attalias><attrtype Sync="TRUE">Number</attrtype><attwidth Sync="TRUE">4</attwidth></attr><attr><attrlabl Sync="TRUE">Match_Type</attrlabl><attalias Sync="TRUE">Match_Type</attalias><attrtype Sync="TRUE">String</attrtype><attwidth Sync="TRUE">254</attwidth></attr><attr><attrlabl Sync="TRUE">bg_lat</attrlabl><attalias Sync="TRUE">bg_lat</attalias><attrtype Sync="TRUE">Number</attrtype><attwidth Sync="TRUE">19</attwidth><atnumdec Sync="TRUE">6</atnumdec></attr><attr><attrlabl Sync="TRUE">bg_long</attrlabl><attalias Sync="TRUE">bg_long</attalias><attrtype Sync="TRUE">Number</attrtype><attwidth Sync="TRUE">19</attwidth><atnumdec Sync="TRUE">6</atnumdec></attr><attr><attrlabl Sync="TRUE">Name</attrlabl><attalias Sync="TRUE">Name</attalias><attrtype Sync="TRUE">String</attrtype><attwidth Sync="TRUE">254</attwidth></attr><attr><attrlabl Sync="TRUE">Days_of_Op</attrlabl><attalias Sync="TRUE">Days_of_Op</attalias><attrtype Sync="TRUE">String</attrtype><attwidth Sync="TRUE">254</attwidth></attr><attr><attrlabl Sync="TRUE">Times</attrlabl><attalias Sync="TRUE">Times</attalias><attrtype Sync="TRUE">String</attrtype><attwidth Sync="TRUE">254</attwidth></attr><attr><attrlabl Sync="TRUE">Contact_Ph</attrlabl><attalias Sync="TRUE">Contact_Ph</attalias><attrtype Sync="TRUE">String</attrtype><attwidth Sync="TRUE">254</attwidth></attr><attr><attrlabl Sync="TRUE">Local_Asso</attrlabl><attalias Sync="TRUE">Local_Asso</attalias><attrtype Sync="TRUE">String</attrtype><attwidth Sync="TRUE">254</attwidth></attr><attr><attrlabl Sync="TRUE">Local_As_1</attrlabl><attalias Sync="TRUE">Local_As_1</attalias><attrtype Sync="TRUE">String</attrtype><attwidth Sync="TRUE">254</attwidth></attr><attr><attrlabl Sync="TRUE">URL</attrlabl><attalias Sync="TRUE">URL</attalias><attrtype Sync="TRUE">String</attrtype><attwidth Sync="TRUE">254</attwidth></attr><attr><attrlabl Sync="TRUE">Fax</attrlabl><attalias Sync="TRUE">Fax</attalias><attrtype Sync="TRUE">String</attrtype><attwidth Sync="TRUE">254</attwidth></attr><attr><attrlabl Sync="TRUE">Mgr_Email</attrlabl><attalias Sync="TRUE">Mgr_Email</attalias><attrtype Sync="TRUE">String</attrtype><attwidth Sync="TRUE">254</attwidth></attr><attr><attrlabl Sync="TRUE">Market_Loc</attrlabl><attalias Sync="TRUE">Market_Loc</attalias><attrtype Sync="TRUE">String</attrtype><attwidth Sync="TRUE">254</attwidth></attr><attr><attrlabl Sync="TRUE">Accepts_EB</attrlabl><attalias Sync="TRUE">Accepts_EB</attalias><attrtype Sync="TRUE">Number</attrtype><attwidth Sync="TRUE">4</attwidth></attr></detailed></eainfo><mdDateSt Sync="TRUE">20091026</mdDateSt><dataqual><lineage><procstep><procdesc Sync="TRUE">Dataset copied.</procdesc><srcused Sync="TRUE"></srcused><date Sync="TRUE">20080403</date><time Sync="TRUE">15374500</time></procstep><procstep><procdesc Sync="TRUE">Dataset copied.</procdesc><srcused Sync="TRUE"></srcused><date Sync="TRUE">20080410</date><time Sync="TRUE">15553300</time></procstep></lineage></dataqual><spref><horizsys><cordsysn><geogcsn Sync="TRUE">GCS_North_American_1983</geogcsn><projcsn Sync="TRUE">NAD_1983_UTM_Zone_10N</projcsn></cordsysn><planar><gridsys><gridsysn Sync="TRUE">Universal Transverse Mercator</gridsysn><utm><utmzone Sync="TRUE">10</utmzone><transmer><sfctrmer Sync="TRUE">0.999600</sfctrmer><longcm Sync="TRUE">-123.000000</longcm><latprjo Sync="TRUE">0.000000</latprjo><feast Sync="TRUE">500000.000000</feast><fnorth Sync="TRUE">0.000000</fnorth></transmer></utm></gridsys><planci><plance Sync="TRUE">coordinate pair</plance><plandu Sync="TRUE">meters</plandu><coordrep><absres Sync="TRUE">0.000000</absres><ordres Sync="TRUE">0.000000</ordres></coordrep></planci></planar><geodetic><horizdn Sync="TRUE">North American Datum of 1983</horizdn><ellips Sync="TRUE">Geodetic Reference System 80</ellips><semiaxis Sync="TRUE">6378137.000000</semiaxis><denflat Sync="TRUE">298.257222</denflat></geodetic></horizsys></spref><refSysInfo><RefSystem><refSysID><identCode Sync="TRUE">NAD_1983_UTM_Zone_10N</identCode></refSysID></RefSystem></refSysInfo></metadata>
